{
    "lights": [
        {
            "color": [
                1.0, 
                1.0, 
                1.0
            ], 
            "rotation": [
                1.991484488428341e-08, 
                -0.5137407779693604, 
                0.8368210792541504
            ], 
            "light-type": "directional", 
            "name": "Hemi"
        }
    ], 
    "camera": {
        "fov": 1.0471975803375244, 
        "name": "Camera", 
        "far": 2000.0, 
        "near": 0.10000000149011612, 
        "position": [
            0.6752947568893433, 
            -0.22823429107666016, 
            29.550609588623047
        ], 
        "rotation": [
            1.5480397939682007, 
            -0.01519458182156086, 
            -0.0740213692188263
        ]
    }, 
    "meshes": [
        {
            "position": [
                64.0, 
                64.0, 
                64.0
            ], 
            "rotation": [
                0.0, 
                0.0, 
                0.0
            ], 
            "scale": [
                1.0, 
                1.0, 
                1.0
            ], 
            "name": "Cone"
        }
    ], 
    "world": {
        "horizon-color": [
            0.05087608844041824, 
            0.05087608844041824, 
            0.05087608844041824
        ], 
        "fog": {
            "color": [
                0.05087608844041824, 
                0.05087608844041824, 
                0.05087608844041824
            ], 
            "start": 5.0, 
            "end": 30.0, 
            "enabled": false, 
            "mode": "linear"
        }, 
        "zenith-color": [
            0.010022825561463833, 
            0.010022825561463833, 
            0.010022825561463833
        ], 
        "ambient-color": [
            0.0, 
            0.0, 
            0.0
        ]
    }
}