{
    "lights": [
        {
            "color": [
                1.0, 
                1.0, 
                1.0
            ], 
            "rotation": [
                1.2456648157410655e-08, 
                -0.41490548849105835, 
                -0.3828439712524414
            ], 
            "light-type": "directional", 
            "name": "Hemi"
        }
    ], 
    "camera": {
        "fov": 1.0471975803375244, 
        "name": "Camera", 
        "far": 300.0, 
        "near": 0.10000000149011612, 
        "position": [
            89.91447448730469, 
            -83.18419647216797, 
            61.09627151489258
        ], 
        "rotation": [
            1.1093189716339111, 
            0.010816991329193115, 
            0.8149281740188599
        ]
    }, 
    "meshes": [
        {
            "position": [
                -1.7743620872497559, 
                -9.379462242126465, 
                7.181792736053467
            ], 
            "rotation": [
                0.0, 
                0.0, 
                0.0
            ], 
            "scale": [
                1.0, 
                1.0, 
                1.0
            ], 
            "name": "gesamt"
        }
    ], 
    "world": {
        "horizon-color": [
            0.05087608844041824, 
            0.05087608844041824, 
            0.05087608844041824
        ], 
        "fog": {
            "color": [
                0.0, 
                0.06457047909498215, 
                0.45752182602882385
            ], 
            "start": 5.0, 
            "end": 205.0, 
            "enabled": true, 
            "mode": "linear"
        }, 
        "zenith-color": [
            0.010022825561463833, 
            0.010022825561463833, 
            0.010022825561463833
        ], 
        "ambient-color": [
            0.0, 
            0.0, 
            0.0
        ]
    }
}
