{
    "lights": [
        {
            "color": [
                0.699999988079071, 
                0.699999988079071, 
                0.699999988079071
            ], 
            "rotation": [
                2.3300648521740186e-08, 
                0.5506032705307007, 
                -2.3834590911865234
            ], 
            "light-type": "directional", 
            "name": "Hemi.001"
        }, 
        {
            "color": [
                0.699999988079071, 
                0.699999988079071, 
                0.699999988079071
            ], 
            "rotation": [
                2.3300648521740186e-08, 
                0.5506032705307007, 
                0.5034756660461426
            ], 
            "light-type": "directional", 
            "name": "Hemi"
        }
    ], 
    "camera": {
        "fov": 1.0471975803375244, 
        "name": "Camera", 
        "far": 300.0, 
        "near": 0.10000000149011612, 
        "position": [
            -42.09419631958008, 
            131.37843322753906, 
            73.6517105102539
        ], 
        "rotation": [
            1.1143534183502197, 
            -0.006024806760251522, 
            -2.170912504196167
        ]
    }, 
    "meshes": [
        {
            "position": [
                54.32716751098633, 
                44.563209533691406, 
                66.89082336425781
            ], 
            "rotation": [
                0.0, 
                0.0, 
                0.0
            ], 
            "scale": [
                1.0, 
                1.0, 
                1.0
            ], 
            "name": "Schornstein"
        }, 
        {
            "position": [
                60.809146881103516, 
                75.02987670898438, 
                11.0
            ], 
            "rotation": [
                0.0, 
                0.0, 
                0.0
            ], 
            "scale": [
                1.0, 
                1.0, 
                1.0
            ], 
            "name": "Fabrik"
        }, 
        {
            "position": [
                64.0, 
                64.0, 
                -1.0
            ], 
            "rotation": [
                0.0, 
                0.0, 
                0.0
            ], 
            "scale": [
                1.0, 
                1.0, 
                1.0
            ], 
            "name": "Boden"
        }
    ], 
    "world": {
        "horizon-color": [
            0.05087608844041824, 
            0.05087608844041824, 
            0.05087608844041824
        ], 
        "fog": {
            "color": [
                0.5, 
                0.5, 
                0.5
            ], 
            "start": 30.0, 
            "end": 605.0, 
            "enabled": true, 
            "mode": "linear"
        }, 
        "zenith-color": [
            0.010022825561463833, 
            0.010022825561463833, 
            0.010022825561463833
        ], 
        "ambient-color": [
            0.0, 
            0.0, 
            0.0
        ]
    }
}
