{
    "lights": [
        {
            "color": [
                0.0, 
                0.0, 
                0.0
            ], 
            "rotation": [
                -0.09711987525224686, 
                -1.1433392763137817, 
                -1.9767186641693115
            ], 
            "light-type": "directional", 
            "name": "Lamp.001"
        }, 
        {
            "color": [
                1.0, 
                1.0, 
                1.0
            ], 
            "rotation": [
                -0.09711986035108566, 
                -1.1433392763137817, 
                1.1995208263397217
            ], 
            "light-type": "directional", 
            "name": "Lamp"
        }
    ], 
    "camera": {
        "fov": 1.1, 
        "name": "Camera", 
        "far": 300.0, 
        "near": 0.10000000149011612, 
        "position": [
            16.60718536376953, 
            9.124411582946777, 
            10.148978233337402
        ], 
        "rotation": [
            1.0768194198608398, 
            -0.023409638553857803, 
            -0.5544065237045288
        ]
    }, 
    "meshes": [
        {
            "position": [
                -4.579354936140589e-06, 
                -1.1448387340351474e-06, 
                7.832230091094971
            ], 
            "rotation": [
                0.0, 
                0.0, 
                0.0
            ], 
            "scale": [
                1.0, 
                1.0, 
                1.0
            ], 
            "name": "Boden"
        }, 
        {
            "position": [
                -1.067943412635941e-05, 
                -2.6698585315898526e-06, 
                7.832230091094971
            ], 
            "rotation": [
                0.0, 
                0.0, 
                0.0
            ], 
            "scale": [
                1.0, 
                1.0, 
                1.0
            ], 
            "name": "Haus"
        }
    ], 
    "world": {
        "horizon-color": [
            0.05087608844041824, 
            0.05087608844041824, 
            0.05087608844041824
        ], 
        "fog": {
            "color": [
                0.05087608844041824, 
                0.05087608844041824, 
                0.05087608844041824
            ], 
            "start": 5.0, 
            "end": 30.0, 
            "enabled": false, 
            "mode": "linear"
        }, 
        "zenith-color": [
            0.010022825561463833, 
            0.010022825561463833, 
            0.010022825561463833
        ], 
        "ambient-color": [
            0.0, 
            0.0, 
            0.0
        ]
    }
}
